Unnamed: 0,index,Year,Type,Country,Area,Location,Activity,Sex of Victim,Age,Injury,Fatal (Y/N),Time,Species,Month,Day,Hour,Day - 6
2.0,2.0,2020,Unprovoked,AUSTRALIA,New South Wales,Windang Beach,Surfing,M,59,Laceration ot left ankle and foot,N,08h00,"""A small shark""",1,17.0,8.0,
3.0,3.0,2020,Unprovoked,NEW ZEALAND,Southland,Oreti Beach,Surfing,F,13,Minor injury to lower leg,N,20h30,Broadnose seven gill shark?,1,16.0,20.0,
4.0,4.0,2020,Unprovoked,USA,North Carolina,"Rodanthe, Dare County",Surfing,M,26,Lacerations to foot,N,14h33,Unknown,1,13.0,14.0,
5.0,5.0,2020,Unprovoked,THAILAND,Phang Nga Province,Nang Thong Beach,Swimming,M,75,Calf bitten,N,07h15,Unknown,1,12.0,7.0,
6.0,6.0,2020,Unprovoked,AUSTRALIA,Queensland,North West Island,Swimming,F,7,Lacerations to leg,N,17h30,Lemon shark,1,7.0,17.0,
7.0,7.0,2020,Unprovoked,AUSTRALIA,Western Australia,Cull Island / Esperance,Scuba diving,M,57,FATAL,Y,13h00,White shark,1,5.0,13.0,
9.0,9.0,2020,Questionable,AUSTRALIA,Western Australia,Esperance,Swimming after being swept off rocks,M,21,Probable drowning and scavenging,Y,16h10,Unknown,1,2.0,16.0,
10.0,10.0,2019,Unprovoked,AUSTRALIA,Queensland,North West Island,Swimming,M,35,Minor injury to hand,N,12h58,"Shovelnose ""shark"" which is a ray, not a shark)",12,30.0,12.0,
11.0,11.0,2019,Unprovoked,SEYCHELLES,Praslin,Amitié Beach,Swimming,F,45,Arm bitten,N,19h00,Unknown,12,28.0,19.0,
12.0,12.0,2019,Unprovoked,PAPUA NEW GUINEA,Central Province,Ragelapara reef,Spearfishing,M,33,FATAL,Y,16h30,Unknown,12,26.0,16.0,
14.0,14.0,2019,Unprovoked,NEW ZEALAND,Southland,Oreti Beach,Boogie boarding,M,17,Laceration to thigh,N,19h00,Unknown,12,24.0,19.0,
15.0,15.0,2019,Unprovoked,USA,California,"Santa Rosa Island, Ventura County",Surfing,M,37,Right leg bitten,N,16h15,Unknown,12,21.0,16.0,
18.0,18.0,2019,Unprovoked,AUSTRALIA,Western Australia,Exmouth,Free diving,M,57,Arm bitten,N,09h00,Unknown,12,6.0,9.0,
19.0,19.0,2019,Unprovoked,USA,Hawaii,"Cove Park, Kihei, Maui",Stand-Up Paddleboarding,M,57,"No injury, inflatable paddle board was bitten by the shark",N,10h00,10'-12' tiger shark,12,3.0,10.0,
21.0,21.0,2019,Unprovoked,AUSTRALIA,Queensland,Bargara,Snorkeling,M,30,Lacerations to foot,N,18h00,Unknown,11,30.0,18.0,
31.0,31.0,2019,Provoked,USA,Florida,"New Smyrna Beach, Volusia County",Surfing,U,32,Minor cuts when he jumped off his board and landed on the shark. PROVOKED INCIDENT,N,12h45,4' to 5' shark,10,27.0,12.0,
33.0,33.0,2019,Unprovoked,AUSTRALIA,Queensland,"Woorim Beach, Bribie Island,",Surfing,U,17,"No injury, surfboard bitten",N,17h30,7' shark,10,17.0,17.0,
34.0,34.0,2019,Unprovoked,USA,Florida,"Fort Pierce, St. Lucie County",Surfing,U,20,Lacerations to right foot,N,12h00,Unknown,10,8.0,12.0,
35.0,35.0,2019,Unprovoked,AUSTRALIA,New South Wales,Lighthouse Beach,Surfing,U,29,"No injury, surfboard severely damaged",N,16h00,"White shark, 3.5 m",10,5.0,16.0,
36.0,36.0,2019,Unprovoked,USA,Florida,"Fort Pierce, St. Lucie County",Surfing,U,20,Lacerations to right foot,N,12h00,Unknown,10,8.0,12.0,
38.0,38.0,2019,Provoked,AUSTRALIA,Northern Territory,"Nightcliff Jetty, Darwin",Fishing,U,45,Hooked shark bit his leg. PROVOKED INCIDENT,N,13h30,1+ m shark,9,28.0,13.0,
41.0,41.0,2019,Unprovoked,USA,Florida,"Satellite Beach, Brevard County",Surfing,U,13,Lacerations to left foot,N,16h30,2' shark,9,24.0,16.0,
46.0,46.0,2019,Unprovoked,USA,Florida,"Jacksonville Beach, Duval County",,U,65,Thigh injured,N,13h30,Unknown,8,31.0,13.0,
47.0,47.0,2019,Provoked,USA,Florida,"New Smyrna Beach, Volusia County",Surfing,U,40,Hand and calf bitten when he jumped off surfboard and landed on the shark PROVOKED INCIDENT,N,11h55,6.5' shark,8,27.0,11.0,
48.0,48.0,2019,Unprovoked,USA,Florida,"Fort Lauderdale, Broward County",Wading,U,11,Foot bitten,N,09h00,Unknown,8,21.0,9.0,
49.0,49.0,2019,Unprovoked,USA,Hawaii,"Napoopoo Park in Kealakekua Bay, The Big Island",Swimming,U,26,Injury to lower back and right hip,N,08h00,Unknown,8,20.0,8.0,
50.0,50.0,2019,Unprovoked,USA,Florida,"New Smyrna Beach, Volusia County",Wading,U,9,Puncture marks to lower leg,N,11h00,Unknown,8,16.0,11.0,
51.0,51.0,2019,Unprovoked,USA,Hawaii,"Makaha Beach, Oahu",Surfing,U,16,"No injury, board damaged",N,19h30,10' to 12' shark,8,11.0,19.0,
52.0,52.0,2019,Unprovoked,USA,Florida,"New Smyrna Beach, Volusia County",Standing,U,51,Minor injuries to right foot,N,15h00,Unknown,8,4.0,15.0,
53.0,53.0,2019,Unprovoked,USA,Florida,"New Smyrna Beach, Volusia County",Surfing,U,21,Minor cuts to right foot,N,16h00,Unknown,8,3.0,16.0,
54.0,54.0,2019,Unprovoked,USA,Florida,"New Smyrna Beach, Volusia County",Surfing,U,20,Bite to left hand and wrist,N,15h30,Unknown,8,3.0,15.0,
57.0,57.0,2019,Unprovoked,USA,Florida,"New Smyrna Beach, Volusia County",Surfing,U,18,3 lacerations to left hand,N,13h30,Unknown,7,29.0,13.0,
59.0,59.0,2019,Unprovoked,USA,Florida,"New Smyrna Beach, Volusia County",Boogie boarding,U,49,Lacerations to right thigh,N,16h30,Unknown,7,27.0,16.0,
61.0,61.0,2019,Unprovoked,USA,Rhode Island,"Moonstone Beach, South Kingstown, Washington County",Surfing,U,18,Foot bitten,N,18h30,Sandtiger shark,7,22.0,18.0,
63.0,63.0,2019,Unprovoked,NEW ZEALAND,Chatham Islands,Pitt Island or Chatham Island,Scuba diving,U,45,Shark rammed him but no injury,N,09h00,"White shark, 3m",7,17.0,9.0,
65.0,65.0,2019,Unprovoked,USA,Florida,"Amelia Island, Nassau County",Boogie boarding,U,16,Foot bitten,N,07h30,Unknown,7,12.0,7.0,
66.0,66.0,2019,Unprovoked,SOUTH AFRICA,Eastern Cape Province,"East Beach, Port Alfred",Surfing,U,205,Leg injured,N,10h30,"White shark, juvenile",7,10.0,10.0,
67.0,67.0,2019,Unprovoked,AUSTRALIA,Queensland,"Pelican Waters, Caloundra",Paddle boarding,U,45,Puncture wounds to left wrist,N,08h00,Bull shark pup,7,9.0,8.0,
69.0,69.0,2019,Unprovoked,BAHAMAS,Abaco Islands,Great Guana Cay,Snorkeling,U,32,Unknown,N,17h30,Unknown,7,4.0,17.0,
70.0,70.0,2019,Unprovoked,USA,Florida,"New Smyrna Beach, Volusia County",Surfing,U,18,Minor injury to foot,N,16h30,Unknown,6,30.0,16.0,
71.0,71.0,2019,Unprovoked,BAHAMAS,Lucayan Archipelago,Rose Island,Snorkeling,U,21,FATAL,Y,14h00,Unknown,6,26.0,14.0,
72.0,72.0,2019,Unprovoked,USA,North Carolina,"Bald Head Island, Brunswick County",Swimming,U,8,Puncture wounds to leg,N,16h00,Unknown,6,16.0,16.0,
73.0,73.0,2019,Unprovoked,USA,Georgia,"Wilmington River, Chatham County",Swimming,U,64,Arc of lacerations to bicep,N,09h00,"Bull shark, 4' to 5'",6,16.0,9.0,
74.0,74.0,2019,Unprovoked,USA,North Carolina,"Ocean Isle, Brunswick County",Surfing,U,19,Cuts to right foot,N,14h00,Unknown,6,10.0,14.0,
77.0,77.0,2019,Unprovoked,USA,North Carolina,"Fort Macon State Beach, Carteret County",Standing,U,17,Severe injuries to leg and hand,N,12h20,Unknown,6,2.0,12.0,
79.0,79.0,2019,Unprovoked,USA,Hawaii,"Honokowai Point, Maui",Swimming,U,65,FATAL,Y,08h48,Unknown,5,25.0,8.0,
80.0,80.0,2019,Unprovoked,NEW CALEDONIA,Noumea,Port South Marina,Swimming,U,10,Leg severed,N,16h00,"Bull shark, 3.5 m",5,25.0,16.0,
83.0,83.0,2019,Unprovoked,AUSTRALIA,Queensland,Yandaran Beach,Body Surfing,U,53,Laceration to right ankle,N,16h21,Unknown,5,14.0,16.0,
86.0,86.0,2019,Unprovoked,AUSTRALIA,New South Wales,Tomaree,Spearfishing,U,18,3 puncture marks to left forearm,N,14h00,"Grey nurse shark, 3 m female",4,27.0,14.0,
87.0,87.0,2019,Unprovoked,USA,Hawaii,"Anaehoomalu Bay, Hawaii",Kayaking,U,65,Injury to right inner thigh,N,08h30,Tiger shark,4,23.0,8.0,
88.0,88.0,2019,Unprovoked,USA,Florida,"Jacksonville Beach, Duval County",,U,25,Minor injury to leg,N,17h30,Unknown,4,21.0,17.0,
89.0,89.0,2019,Questionable,USA,Florida,"Crescent Beach, St Johns County",Boogie boarding,U,10,"Minor lacerations to left knee, left hand and right thigh",N,17h45,Unknown,4,12.0,17.0,
90.0,90.0,2019,Questionable,USA,Hawaii,"North Koahala, Big Island",Picking opihi,U,58,"Probable death by drowning, body scavenged by shark",N,20h00,Tiger shark,4,6.0,20.0,
91.0,91.0,2019,Unprovoked,USA,Hawaii,Kaiwi Channel,Swimming,U,23,Bitten on left shoulder,N,01h00,Cookiecutter shark,4,6.0,1.0,
93.0,93.0,2019,Watercraft,USA,Hawaii,Waikoloa area,Paddling an outrigger canoe,U,75,Injuries to calf and canoe,N,10h00,12' shark,3,26.0,10.0,
94.0,94.0,2019,Unprovoked,AUSTRALIA,Queensland,Line Reef,Swimming,U,25,Puncture marks to left hip and buttocks,N,12h30,"Grey reef shark, 4'",3,25.0,12.0,
95.0,95.0,2019,Unprovoked,USA,Florida,"Hobe Sound, Martin County",Surfing,U,46,Lacerations to foot,N,16h00,4' shark,3,22.0,16.0,
96.0,96.0,2019,Unprovoked,MEXICO,Guerrero,Troncones,Swimming,U,32,20 cm gash to right leg,N,17h30,Unknown,3,21.0,17.0,
98.0,98.0,2019,Unprovoked,USA,Florida,"Stuart Beach, Martin County",Boogie boarding,U,11,Lacerations to right foot,N,14h00,Spinner shark,3,12.0,14.0,
100.0,100.0,2019,Provoked,SOUTH AFRICA,Eastern Cape Province,30 nm off Port Elizabeth,Fishing,U,46,Lacerations to arm from shark caught in trawl net PROVOKED INCIDENT,N,16h00,2.5 m shark,3,5.0,16.0,
101.0,101.0,2019,Unprovoked,AUSTRALIA,New South Wales,Belongil Bay,Surfing,U,41,Lacerations/puncture marks to thigh,N,06h40,Unknown,2,17.0,6.0,
102.0,102.0,2019,Unprovoked,BRAZIL,Fernando de Noronha,Cacimba do Padre,Surfing,U,31,Minor injury to face,N,17h30,Lemon shark,2,14.0,17.0,
104.0,104.0,2019,Unprovoked,AUSTRALIA,New South Wales,Urunga area,Surfing,U,50,"No injury, surfboard bitten",N,06h15,Unknown,2,4.0,6.0,
106.0,106.0,2019,Unprovoked,USA,Florida,Key Biscayne,Spearfishing,U,50,Right wrist and hand injured,N,10h00,Bull shark,2,2.0,10.0,
109.0,109.0,2019,Unprovoked,AUSTRALIA,Western Australia,North Cottesloe,Swimming,U,15,Minor injury to left foot,N,11h30,Wobbegong shark,1,14.0,11.0,
111.0,111.0,2019,Unprovoked,USA,California,"Sandspit Beach, Montaña de Oro State Park",Surfing,U,19,Cuts to both lower legs,N,10h00,"White shark, 4.6m",1,8.0,10.0,
112.0,112.0,2018,Unprovoked,MEXICO,Sonora,Southeast of Puerto Peñasco,Diving,U,35,FATAL,Y,11h00,Tiger shark,12,18.0,11.0,
114.0,114.0,2018,Provoked,NEW ZEALAND,North Island,Matauri Bay,Spearfishing,U,24,Injuries to leg and hand,N,11h20,"Mako shark, 7'",12,15.0,11.0,
115.0,115.0,2018,Unprovoked,NEW ZEALAND,North Island,Ti Point,Spearfishing,U,50,No injury,N,08h00,Bronze whaler 2.5m,12,9.0,8.0,
116.0,116.0,2018,Unprovoked,AUSTRALIA,New South Wales,Nambucca,Surfing,U,36,Five deep lacerations to lower right leg,N,07h15,Unknown,12,9.0,7.0,
118.0,118.0,2018,Unprovoked,AUSTRALIA,New South Wales,"7 Mile Beach, Gerroa",Surfing,U,24,Injuries to calf and hand,N,13h00,Unknown,11,17.0,13.0,
119.0,119.0,2018,Unprovoked,SOUTH AFRICA,KwaZulu-Natal,Tinley Manor,Fishing,U,41,Surf-ski bitten but no injury to occupant,N,09h00,"White shark, 3m",11,11.0,9.0,
120.0,120.0,2018,Unprovoked,AUSTRALIA,Western Australia,"Pyramids Beach, Mandurah",Body Boarding,U,20,Injuries to lower left leg and foot,N,08h40,Sandtiger shark,11,11.0,8.0,
121.0,121.0,2018,Unprovoked,BAHAMAS,Exumas,Compass Cay,Swimming,U,8,Arc of shallow lacerations to back,N,13h30,Nurse shark,11,9.0,13.0,
123.0,123.0,2018,Unprovoked,AUSTRALIA,New South Wales,"Shelly Beach, Ballina",Surfing,U,42,20 cm injury to left calf,N,06h45,5' shark,11,7.0,6.0,
124.0,124.0,2018,Unprovoked,AUSTRALIA,Queensland,"Cid Harbor, Whitsundays",Swimming,U,33,FATAL,Y,17h30,Unknown,11,5.0,17.0,
129.0,129.0,2018,Unprovoked,AUSTRALIA,New South Wales,Samurai Beach,Body Surfing,U,50,Injury to upper right arm,N,07h00,Bull shark?,10,19.0,7.0,
130.0,130.0,2018,Unprovoked,NEW ZEALAND,North Island,Baylys Beach,Surfing,U,25,Severe lacerations to arm and hand and cut to face,N,18h00,"White Shark, 3.2m to 3.5m",10,19.0,18.0,
133.0,133.0,2018,Provoked,AUSTRALIA,Queensland,Swain Reef,Fishing,U,55,Injury to upper left arm by hooked shark PROVOKED INCIDENT,N,13h30,"""reef shark""",10,8.0,13.0,
137.0,137.0,2018,Provoked,CHINA,Guizhou Province,Shopping mall aquarium in Guiyang City,Putting hand in shark tank,U,6,Lacerations to fingers PROVOKED INCIDENT,N,13h30,Unknown,7,24.0,13.0,
138.0,138.0,2018,Unprovoked,USA,New York,"Atlantique Beach, Fire Island, Suffolk County",Boogie Boarding,U,13,Minor puncture wounds to leg,N,12h00,Sandtiger shark,7,18.0,12.0,
139.0,139.0,2018,Unprovoked,USA,New York,"Sailors Haven, Fire Island, Suffolk County",Wading,U,12,Lacerations to lower leg,N,11h15,Sandtiger shark,7,18.0,11.0,
142.0,142.0,2018,Provoked,USA,California,"Trinidad Beach, Huboldt County",Wading,U,58,Surf washed the dying shark against her foot PROVOKED INCIDENT,N,14h11,"Salmon shark, juvenile",7,14.0,14.0,
143.0,143.0,2018,Under investigation,USA,Florida,"Playalinda Beach, Brevard County",Surfing,U,14,"Laceration to left thigh, possibly caused by surfboard",N,13h30,Unknown,7,14.0,13.0,
144.0,144.0,2018,Unprovoked,USA,Florida,"Fernandina Beach, Nassau County",Wading,U,17,Foot bitten,N,15h40,Unknown,7,13.0,15.0,
145.0,145.0,2018,Unprovoked,USA,Florida,"Fernandina Beach, Nassau County",Surfing,U,30,Lacerations to left foot,N,15h35,Unknown,7,13.0,15.0,
146.0,146.0,2018,Unprovoked,USA,Florida,"New Smyrna Beach, Volusia County",Surfing,U,14,Minor injury to foot,N,11h30,Unknown,7,11.0,11.0,
149.0,149.0,2018,Unprovoked,USA,South Carolina,Myrtle Beach,Boogie boarding,U,11,"Minor injury, puncture marks to left lower leg",N,14h40,Unknown,7,2.0,14.0,
150.0,150.0,2018,Boating,USA,California,"Oceanside, San Diego County",Paddling,U,57,"No injury to occupant, outrigger canoe and paddle damaged",N,18h00,White shark,6,25.0,18.0,
157.0,157.0,2018,Unprovoked,BRAZIL,Pernambuco,"Piedade Beach, Recife",Swimming,U,18,FATAL,Y,16h30,Tiger shark,6,3.0,16.0,
159.0,159.0,2018,Unprovoked,USA,Florida,"Cocoa Beach, Brevard County",Walking,U,15,Lower left leg bitten,N,17h00,"Bull shark, 6'",5,26.0,17.0,
160.0,160.0,2018,Unprovoked,USA,Florida,"Daytona Beach, Volusia County",Standing,U,12,Minor injury to foot,N,14h00,Unknown,5,26.0,14.0,
161.0,161.0,2018,Provoked,AUSTRALIA,Queensland,Cairns Aquarium,Feeding sharks,U,32,Minor bite to hand by captive shark. PROVOKED INCIDENT,N,09h00,Grey reef shark,5,24.0,9.0,
163.0,163.0,2018,Unprovoked,USA,South Carolina,"Hilton Head Island, Beaufort County",Swimming,U,10,Severe bite to right forearm,N,15h00,Unknown,5,13.0,15.0,
170.0,170.0,2018,Unprovoked,COSTA RICA,Cocos Island,Manuelita,Scuba diving,U,30,"No injury, shark bit scuba gear",N,10h40,Tiger shark,4,28.0,10.0,
173.0,173.0,2018,Unprovoked,AUSTRALIA,Western Australia,"Surfers Point, Prevelly",Surfing,U,60,"No injury, knocked off board by shark",N,09h30,3 m shark,4,25.0,9.0,
175.0,175.0,2018,Unprovoked,MALDIVES,Alifu Alifu Atoll,Madoogali,Fishing,U,32,5-inch cut to hand,N,21h50,Tiger shark,4,23.0,21.0,
176.0,176.0,2018,Unprovoked,SOUTH AFRICA,Western Cape Province,"Robberg Beach, Plettenberg Bay",Paddle-skiing,U,33,"No injury, shark bit hole in ski",N,09h40,"White shark, 2.5 m",4,22.0,9.0,
181.0,181.0,2018,Unprovoked,AUSTRALIA,Western Australia,"Cobblestones, Margaret River Area",Surfing,U,37,Lacerations to legs,N,08h00,Unknown,4,15.0,8.0,
186.0,186.0,2018,Unprovoked,SOUTH AFRICA,Eastern Cape Province,St. Francis Bay,Surfing,U,19,Lacerations to left knee & lower leg,N,15h00,White shark,4,3.0,15.0,
187.0,187.0,2018,Unprovoked,USA,Hawaii,Kukio Beach,Stand-Up Paddleboarding,U,25,Injuries to right leg & hand,N,09h30,"Tiger shark, 12'",3,31.0,9.0,
188.0,188.0,2018,Unprovoked,AUSTRALIA,Western Australia,Waterman's Bay,Wading,U,10,Minor injuries to legs,N,17h35,Wobbegong shark,3,14.0,17.0,
189.0,189.0,2018,Unprovoked,AUSTRALIA,Victoria,Lorne,Swimming,U,69,"No injury, said to have been charged by sharks several times",N,15h30,3.5 m shark,3,9.0,15.0,
190.0,190.0,2018,Unprovoked,AUSTRALIA,Victoria,Winkipop,Surfing,U,18,"Minor injury, ankle grazed",N,07h30,1.8 m shark,3,9.0,7.0,
193.0,193.0,2018,Provoked,AUSTRALIA,Victoria,Westernport Bay,Kayak fishing for sharks,U,34,"Shark rammed kayak, no injury to occupant PROVOKED INCIDENT",N,20h00,Unknown,2,18.0,20.0,
194.0,194.0,2018,Unprovoked,AUSTRALIA,New South Wales,"Surf Beach, Kiama",Walking,U,35,Puncture wounds to leff foot & lower leg,N,16h00,"Bull shark, 2 m",2,15.0,16.0,
199.0,199.0,2018,Unprovoked,AUSTRALIA,Western Australia,Cone Bay,,U,18,Injuries to right leg,N,08h00,Bull shark,1,28.0,8.0,
203.0,203.0,2018,Unprovoked,BRAZIL,Fernando de Noronha,Conceicao Beach,Surfing,U,20,Minor injury to left forearm,N,16h30,small shark,1,12.0,16.0,
205.0,205.0,2017,Unprovoked,USA,Hawaii,"Hultin's Beach, Oahu",Surfing,U,54,Severe lacerations to left thigh & knee,N,18h00,Tiger shark,12,31.0,18.0,
206.0,206.0,2017,Unprovoked,USA,California,"Drakes Estero, Point Reyes, Marin County",Surfing,U,35,Foot bitten,N,12h00,Unknown,12,30.0,12.0,
212.0,212.0,2017,Unprovoked,USA,California,"Stillwater Cove, Monterey County",Spearfishing,U,25,Right leg bitten,N,13h45,"White shark, 4.6 m",11,24.0,13.0,
213.0,213.0,2017,Unprovoked,USA,Florida,"Floridana Beach, Brevard County",Surfing,U,14,Heel bitten,N,16h30,Unknown,11,18.0,16.0,
215.0,215.0,2017,Unprovoked,AUSTRALIA,New South Wales,Avoca Beach,Surfing,U,25,Puncture wounds to left shoulder,N,16h00,2 m shark,11,13.0,16.0,
216.0,216.0,2017,Unprovoked,CUBA,Holquin Province,Guardalavaca Beach,Night bathing,U,22,FATAL,Y,23h30,Tiger shark,11,4.0,23.0,
217.0,217.0,2017,Unprovoked,USA,Hawaii,Makaha,Surfing,M,25,Minor cuts to lower left leg,N,14h15,Unknown,11,2.0,14.0,
219.0,219.0,2017,Unprovoked,AUSTRALIA,New South Wales,Birubi Point,Surfing,U,31,Minor injury to foot,N,09h00,"Wobbegong shark, 1 m",10,28.0,9.0,
222.0,222.0,2017,Unprovoked,USA,Florida,"Juno Beach, Palm Beach County",Surfing,U,17,Lacerations to left foot,N,17h00,Unknown,10,23.0,17.0,
223.0,223.0,2017,Unprovoked,USA,Florida,"Ocean Reef Park, Singer Island, Palm Beach County",Swimming,U,60,Severe lacerations to left hand & wrist,N,08h00,Unknown,10,23.0,8.0,
224.0,224.0,2017,Unprovoked,AUSTRALIA,South Australia,Normanville,Kayaking / Fishing,U,15,Minor injuries,N,13h30,"White shark, 4.5 m",10,22.0,13.0,
227.0,227.0,2017,Unprovoked,USA,Hawaii,"Davidsons Beach, Kekaha, Kauai",Surfing,U,54,Lacerations to left hand,N,18h30,"Tiger shark, 8 to 10 feet",10,9.0,18.0,
228.0,228.0,2017,Unprovoked,USA,Hawaii,"Kama‘ole Beach Park, Maui",Snorkeling,U,40,Abrasions,N,12h30,8' shark,10,5.0,12.0,
231.0,231.0,2019,Unprovoked,USA,Rhode Island,"Moonstone Beach, South Kingstown, Washington County",Surfing,U,18,Foot bitten,N,18h30,Sandtiger shark,7,22.0,18.0,
237.0,237.0,2017,Unprovoked,USA,Florida,"Ponce Inlet, Volusia County",Surfing,U,28,Lacerations to left foot,N,16h30,Unknown,9,16.0,16.0,
241.0,241.0,2017,Unprovoked,USA,Florida,"Ponce Inlet, Volusia County",Surfing,U,18,Lacerations to left foot,N,18h45,5' to 6' shark,9,13.0,18.0,
243.0,243.0,2017,Unprovoked,AUSTRALIA,New South Wales,Iluka Beach,Surfing,U,35,Minor lacerations to right hip,N,06h00,"White shark, 3 to 3.5m",9,10.0,6.0,
246.0,246.0,2017,Unprovoked,JAPAN,Shizuoka Prefecture,Iwata City,Surfing,U,42,Injury to ankle & feet,N,10h00,Unknown,9,3.0,10.0,
249.0,249.0,2017,Unprovoked,USA,Florida,"New Smyrna Beach, Volusia County",Surfing,U,17,Minor injury to right hand,N,10h44,Unknown,9,2.0,10.0,
250.0,250.0,2017,Unprovoked,AUSTRALIA,Victoria,Cathedral Rock,Surfing,U,37,"No injury, board bitten",N,10h30,"White shark, 3 m",8,29.0,10.0,
251.0,251.0,2017,Unprovoked,USA,Florida,Bathtub Beach,Wading,U,3,Leg injured,N,13h19,Unknown,8,27.0,13.0,
254.0,254.0,2017,Unprovoked,USA,Massachusetts,"Marconi Beach, Wellfleet, Barnstable County",SUP,U,69,Not injured by shark but board bitten,N,10h00,"White shark, 5' to 7'",8,23.0,10.0,
256.0,256.0,2017,Unprovoked,USA,South Carolina,"Sea Pines Resort, Hilton Head Island, Beaufort County",Swimming,U,13,Minor cuts to sole & toes of left foot,N,13h30,Possibly a juvenile blacktip shark,8,10.0,13.0,
260.0,260.0,2017,Unprovoked,USA,Florida,"Jacksonvlle, Duval County",Skimboarding,U,15,Lacerations to lower leg,N,18h30,Unknown,7,31.0,18.0,
262.0,262.0,2017,Unprovoked,USA,South Carolina,"DeBordieu Colony, Georgetown County",,U,12,Bite to left thigh / minor injury,N,13h30,Unknown,7,29.0,13.0,
265.0,265.0,2017,Unprovoked,"ST HELENA, British overseas territory",Ascension Island,English Bay,Surfing,U,37,Torso bitten,N,17h00,Unknown,7,24.0,17.0,
268.0,268.0,2017,Unprovoked,USA,Florida,"Snipes Point, Monroe County",,U,40,Foot bitten,N,12h30,"""A small shark""",7,22.0,12.0,
270.0,270.0,2017,Boating,USA,California,"Stearns Wharf, Santa Barbara",Kayaking,U,40,"No injury, kayak bitten",N,11h20,"White shark, 11' to 13'",7,20.0,11.0,
271.0,271.0,2017,Unprovoked,USA,California,"Seal Rock, Goleta Beach, Santa Barbara",SUP,U,50,"No injury, shark bit paddleboard",N,07h45,"White shark, 8' to 10'",7,20.0,7.0,
275.0,275.0,2017,Unprovoked,USA,Florida,"Haulover Beach, Miami-Dade County",Swimming,U,46,Lower legs bitten,N,15h30,"Bull shark, 4' to 5'",7,9.0,15.0,
277.0,277.0,2017,Unprovoked,SOUTH AFRICA,Eastern Cape Province,"Nahoon Reef, East London",Surfing,U,13,"No injury, shark bit surfboard",N,15h00,"White shark, 2.5 m",7,7.0,15.0,
284.0,284.0,2017,Unprovoked,SPAIN,Ibiza Island,Playa d’en Bossa,Swimming,U,82,2-inch laceration to hand,N,12h00,Unknown,6,17.0,12.0,
287.0,287.0,2017,Unprovoked,AUSTRALIA,Western Australia,"Point Casuarina, Bunbury",Body boarding,U,48,"No injury, board bitten",N,08h30,"White shark, 4 m",6,11.0,8.0,
289.0,289.0,2017,Unprovoked,USA,Florida,"Ponce Inlet, Volusia County",Surfing,U,19,Laceration to left foot,N,10h00,Unknown,6,10.0,10.0,
296.0,296.0,2017,Unprovoked,UNITED ARAB EMIRATES,"Sharjah,",Khor Fakkan,Spearfishing,U,41,Right leg severely bitten,N,09h00,Unknown,5,12.0,9.0,
298.0,298.0,2017,Unprovoked,MEXICO,Baja California Sur,"Los Arbolitos, Cabo Pulmo",Snorkeling,U,33,FATAL,Y,17h00,Unknown,5,5.0,17.0,
301.0,301.0,2017,Unprovoked,SOUTH AFRICA,Western Cape Province,"Keurbooms, Plettenberg Bay",Surfing,U,14,Minor injury to right calf,N,17h10,Unknown,4,29.0,17.0,
302.0,302.0,2017,Unprovoked,USA,South Carolina,"Folly Beach, Charleston County",Surfing,U,33,Left foot bitten,N,11h00,Unknown,4,29.0,11.0,
303.0,303.0,2017,Unprovoked,REUNION,Saint-Leu,Pointe au Sal,Body boarding,U,28,FATAL,Y,11h15,Unknown,4,29.0,11.0,
304.0,304.0,2017,Unprovoked,NEW ZEALAND,South Island,"Porpoise Bay, Catlins",Body boarding,U,25,Puncture wounds & laceration above knee,N,14h00,Unknown,4,27.0,14.0,
306.0,306.0,2017,Unprovoked,"ST HELENA, British overseas territory",Ascension Island,English Bay,Snorkeling,U,40,Calf & foot bitten,N,16h00,Unknown,4,22.0,16.0,
309.0,309.0,2017,Unprovoked,AUSTRALIA,Western Australia,Kelpies near Wylie Bay,Surfing,U,17,FATAL,Y,16h00,White shark,4,17.0,16.0,
310.0,310.0,2017,Unprovoked,USA,Hawaii,"Kekaha Beach, Kauai",Surfing,U,28,Lower right leg severely injured,N,09h00,"Tiger shark, 12'",4,14.0,9.0,
311.0,311.0,2017,Unprovoked,USA,Florida,"Hanna Park, Jacksonville, Duval County",Surfing,U,17,Lacerations to right foot,N,13h30,Unknown,4,13.0,13.0,
314.0,314.0,2017,Unprovoked,USA,Florida,"Ormond Beach, Volusia County",Surfing,U,35,Calf bitten,N,16h00,Unknown,4,11.0,16.0,
315.0,315.0,2017,Unprovoked,USA,Florida,"Melbourne Beach, Brevard County",Paddle boarding,U,10,Laceration to calf,N,17h45,Unknown,4,10.0,17.0,
316.0,316.0,2017,Unprovoked,USA,Florida,"Melbourne Beach, Brevard County",Swimming,U,21,Minor injury to left hand,N,17h00,Unknown,4,10.0,17.0,
318.0,318.0,2017,Unprovoked,USA,Florida,"New Smyrna Beach, Volusia County",Swimming,U,51,"Thigh nipped, minor injury",N,13h00,Unknown,4,5.0,13.0,
319.0,319.0,2017,Unprovoked,AUSTRALIA,Queensland,Moreton Bay,Kakaying,U,39,"No injury, shark bit off stern of kayak",N,13h30,Unknown,4,2.0,13.0,
320.0,320.0,2017,Unprovoked,USA,Florida,"Destin, Okaloosa County",Swimming,U,17,Lacerations to thighs,N,15h00,"Bull shark, 5' to 7'",4,2.0,15.0,
321.0,321.0,2017,Unprovoked,USA,Florida,"New Smyrna Beach, Volusia County",Surfing,U,58,Minor injury to left foot,N,10h00,Unknown,3,27.0,10.0,
322.0,322.0,2017,Unprovoked,AUSTRALIA,New South Wales,The Farm,Body boarding,U,30,Minor,N,18h30,Unknown,3,19.0,18.0,
330.0,330.0,2017,Unprovoked,AUSTRALIA,Queensland,Eva Rock,Spearfishing,U,26,Left leg severely bitten,N,10h20,Unknown,2,17.0,10.0,
331.0,331.0,2017,Unprovoked,USA,Florida,"Melbourne Beach, Brevard County",Swimming,U,22,Injury to hand,N,13h30,Unknown,2,11.0,13.0,
336.0,336.0,2017,Unprovoked,BRAZIL,Pernambuco,"Boa Viagem, Recife",Swimming,U,21,Minor laceration to ring finger,N,13h20,Unknown,1,24.0,13.0,
338.0,338.0,2017,Unprovoked,AUSTRALIA,Queensland,"Boot Reef, Torres Strait",Scuba Diving,U,55,"Multiple injuries to arm, wrist and torso",N,12h00,"Bull shark, 4 m",1,21.0,12.0,
339.0,339.0,2017,Unprovoked,AUSTRALIA,Queensland,Clairview,Swimming,U,57,Injury to hand,N,13h30,Unknown,1,13.0,13.0,
341.0,341.0,2017,Unprovoked,INDONESIA,Bali,Balian Beach,Surfing,U,48,Injury to right wrist & forearm,N,07h30,"Bull shark, 1 m",1,9.0,7.0,
343.0,343.0,2017,Unprovoked,USA,Florida,"Blockhouse Beach, Brevard County",Wading,U,47,Minor injuries to foot,N,12h30,Unknown,1,5.0,12.0,
345.0,345.0,2016,Unprovoked,USA,Florida,"Avalon State Park Beach, North Hutchinson Island, St Lucie County",Surfing,U,16,Lacerations to right forearm,N,17h00,Unknown,12,27.0,17.0,
347.0,347.0,2016,Unprovoked,SOUTH AFRICA,Western Cape Province,"Keurbooms Lagoon, Plettenberg Bay",Surf skiing,U,55,"No injury, but ski severely damaged",N,07h00,"White shark, 4 m",12,19.0,7.0,
348.0,348.0,2016,Unprovoked,AUSTRALIA,Western Australia,Trigg Beach,Free diving,U,61,Punctures to left foot/ankle,N,09h30,Unknown,12,14.0,9.0,
351.0,351.0,2016,Provoked,AUSTRALIA,New South Wales,Merimbula,Surf fishing,U,20,Lacerations to both hands while attempting to land a hooked shark PROVOKED INCIDENT,N,02h00,"Wobbegong shark, 2m",12,6.0,2.0,
352.0,352.0,2016,Unprovoked,AUSTRALIA,New South Wales,Booti Booti National Park,Surfing,U,65,Injuries to foot & arm,N,09h00,White shark,12,1.0,9.0,
353.0,353.0,2016,Provoked,AUSTRALIA,Victoria,Queenscliff,Fishing,U,73,Laceration to right hand by hooked & gaffed shark. PROVOKED INCIDENT,N,11h00,"Broadnose sevengill shark, 1.5 m",11,28.0,11.0,
354.0,354.0,2016,Unprovoked,USA,Hawaii,"Kamaole Beach Park I, Maui",Floating,U,58,Injuries to right calf and thigh,N,10h30,Tiger shark,11,14.0,10.0,
355.0,355.0,2016,Unprovoked,USA,Florida,"Mayport Naval Station Beach, Duval County",Surfing,U,41,Lacerations to right foot and ankle,N,13h30,Unknown,10,30.0,13.0,
356.0,356.0,2016,Unprovoked,USA,Florida,Mayport Naval Station Duval County,Surfing,U,42,Lacerations to right hand,N,13h30,Unknown,10,29.0,13.0,
357.0,357.0,2016,Unprovoked,AUSTRALIA,New South Wales,Broken Head Beach,Surfing,U,36,Lacerations to left thigh,N,07h30,Unknown,10,24.0,7.0,
358.0,358.0,2016,Unprovoked,USA,Hawaii,"Hooipa Beach Park, Maui",Surfing,U,36,Left arm and leg injured,N,17h00,6' to 8' shark,10,21.0,17.0,
360.0,360.0,2016,Unprovoked,USA,Hawaii,"Charlie Young Beach, Kihei, Maui",Snorkeling,U,66,Injuries to left calf,N,09h50,Unknown,10,14.0,9.0,
362.0,362.0,2016,Unprovoked,AUSTRALIA,New South Wales,"Sharpes Beach, Ballina",Surfing,U,25,Minor wound to lower right leg & surfboard bitten,N,10h30,Unknown,10,12.0,10.0,
363.0,363.0,2016,Unprovoked,USA,Oregon,"Indian Beach, Ecola State Park, Clatsop County",Surfing,U,29,Wounds to upper thigh and lower leg,N,16h00,Unknown,10,10.0,16.0,
364.0,364.0,2016,Unprovoked,USA,Florida,"New Smyrna Beach, Volusia County",Surfing,U,21,Cuts to dorsal surface of left foot,N,11h30,Unknown,10,2.0,11.0,
365.0,365.0,2016,Unprovoked,USA,Florida,"New Smyrna Beach, Volusia County",Surfng,U,32,Minor injuries,N,17h30,Unknown,10,1.0,17.0,
366.0,366.0,2016,Unprovoked,AUSTRALIA,New South Wales,"Lighthouse Beach, Ballina",Surfing,U,17,4 deep lacerations to thigh,N,9h00,"White shark, 3.5 m",9,26.0,9.0,
367.0,367.0,2016,Unprovoked,USA,Florida,"New Smyrna Beach, Volusia County",Surfing,U,16,Minor injury to thigh,N,13h00,Unknown,9,18.0,13.0,
368.0,368.0,2016,Unprovoked,USA,Florida,"New Smyrna Beach, Volusia County",Surfing,U,36,Lacerations to hands,N,11h00,Unknown,9,18.0,11.0,
369.0,369.0,2016,Unprovoked,USA,Florida,"New Smyrna Beach, Volusia County",Surfing,U,43,Lacerations to lower leg,N,10h43,Unknown,9,18.0,10.0,
370.0,370.0,2016,Unprovoked,USA,California,"Bunkers, Humboldt Bay, Eureka, Humboldt County",Surfing,U,43,"No injury, board bitten",N,13h30,Unknown,9,17.0,13.0,
374.0,374.0,2016,Unprovoked,USA,Florida,"Ponte Vedra, St. Johns County",Wading,U,65,Minor injury to arm,N,15h15,3' to 4' shark,9,11.0,15.0,
375.0,375.0,2016,Unprovoked,USA,Hawaii,"Makaha, Oahu",Swimming,U,51,Severe lacerations to shoulder & forearm,N,14h30,"Tiger shark, 10'",9,7.0,14.0,
376.0,376.0,2016,Unprovoked,NEW CALEDONIA,North Province,Koumac,Kite surfing,U,50,FATAL,Y,15h40,Unknown,9,6.0,15.0,
377.0,377.0,2016,Unprovoked,USA,South Carolina,"Kingston Plantation, Myrtle Beach, Horry County",Boogie boarding,U,12,Lacerations & punctures to lower right leg,N,16h30,Unknown,9,5.0,16.0,
382.0,382.0,2016,Unprovoked,USA,Florida,"New Smyrna Beach, Volusia County",Surfing,U,25,Lacerations to right foot,N,15h00,"Bull shark, 6'",8,29.0,15.0,
383.0,383.0,2016,Unprovoked,USA,Florida,"New Smyrna Beach, Volusia County",Surfing,U,37,Minor injury to ankle,N,14h00,Unknown,8,29.0,14.0,
385.0,385.0,2016,Unprovoked,USA,Florida,"Ponte Vedra, St. Johns County",Wading,U,49,Minor injury to ankle,N,16h00,Unknown,8,25.0,16.0,
387.0,387.0,2016,Unprovoked,USA,Hawaii,Maui,SUP Foil boarding,U,21,"No inury, shark & board collided",N,16h30,"Tiger shark, 10'",8,6.0,16.0,
389.0,389.0,2016,Unprovoked,SPAIN,Alicante Province,Arenales del Sol,Swimming,U,40,Lacerations to right hand,N,11h30,Blue shark,7,29.0,11.0,
393.0,393.0,2016,Unprovoked,AUSTRALIA,New South Wales,"Sharpes Beach, Ballina",Surfing,U,18,"No injury. Leg rope severed, knocked off board by shark",N,12h00,Unknown,7,26.0,12.0,
394.0,394.0,2016,Unprovoked,JAPAN,Kochi Prefecture,Irino Beach,Surfing,U,29,Lacerations to left leg,N,19h05,Unknown,7,24.0,19.0,
397.0,397.0,2016,Provoked,AUSTRALIA,Queensland,"20 k off The Spit, off the Gold Coast",Fishing,U,31,Laceration to left calf from hooked shark PROVOKED INCIDENT,N,13h30,"reef shark, 1m",7,20.0,13.0,
399.0,399.0,2016,Unprovoked,USA,Florida,"New Smyrna Beach, Volusia County",Surfing,U,9,Minor injury to leg,N,13h00,Unknown,7,16.0,13.0,
400.0,400.0,2016,Unprovoked,USA,Florida,"New Smyrna Beach, Volusia County",,U,11,Minor injury to toes,N,11h00,Unknown,7,16.0,11.0,
401.0,401.0,2016,Unprovoked,USA,California,"Surfside, Orange County",Kite surfing,U,61,"No injury, board damaged",N,17h00,"White shark, 10' to 12'",7,15.0,17.0,
406.0,406.0,2016,Provoked,USA,Massachusetts,"Off Gloucester, Essec County",Fishing,U,59,Fin of hooked shark injured fisherman's forearm. . PROVOKED INCIDENT,N,10h00,dogfish shark,7,7.0,10.0,
409.0,409.0,2016,Provoked,AUSTRALIA,Queensland,Palm Cove,Fishing,U,34,Right thigh injured by hooked pregnant female shark PROVOKED INCIDENT,N,22h00,Tawny nurse shark,7,4.0,22.0,
410.0,410.0,2016,Unprovoked,USA,South Carolina,Sullivan's Island,,U,35,Minor injury,N,16h20,3' to 4' shark,6,27.0,16.0,
411.0,411.0,2016,Unprovoked,USA,North Carolina,"Atlantic Beach, Emerald Isle, Carteret County",Surfing,U,11,Foot injured,N,14h34,Unknown,6,25.0,14.0,
414.0,414.0,2016,Unprovoked,USA,South Carolina,"North Myrtle Beach, Horry County",Floating,U,42,Lacerations and punctures to foot,N,15h25,3' to 5' shark,6,21.0,15.0,
418.0,418.0,2016,Unprovoked,USA,Texas,"Pirates Beach, Galveston",Floating in tube,U,6,Injury to lower leg,N,17h30,3' to 4' shark,6,14.0,17.0,
419.0,419.0,2016,Unprovoked,USA,North Carolina,"Atlantic Beach, Emerald Isle, Carteret County",Standing,U,19,Laceration to wrist,N,15h00,3' shark,6,11.0,15.0,
421.0,421.0,2016,Unprovoked,USA,Florida,"Flagler Beach, Flagler County",Swimming,U,64,Leg bitten,N,08h30,Unknown,6,5.0,8.0,
422.0,422.0,2016,Unprovoked,AUSTRALIA,Western Australia,Mindarie,Diving,U,60,FATAL,Y,11h30,3+ m shark,6,5.0,11.0,
423.0,423.0,2016,Unprovoked,EGYPT,Suez,Ain Sokhna,Swimming,U,23,"Leg severely bitten, surgically amputated",N,09h00,Mako shark,6,4.0,9.0,
426.0,426.0,2016,Unprovoked,AUSTRALIA,Western Australia,"Falcon Beach, Mandurah",Surfing,U,29,FATAL,Y,16h00,White shark,5,31.0,16.0,
427.0,427.0,2016,Unprovoked,USA,California,"Corona Del Mar, Newport, Orange County",Swimming,U,52,Injuries to arm and shoulder,N,16h00,Unknown,5,29.0,16.0,
428.0,428.0,2016,Unprovoked,USA,Florida,"Neptune, Duval County",Swimming,U,13,Injury to posterior right leg,N,15h45,5' shark,5,29.0,15.0,
429.0,429.0,2016,Unprovoked,USA,Florida,"Vero Beach, Indian River County",Swimming,U,57,Puncture wounds to thigh,N,12h00,Unknown,5,22.0,12.0,
430.0,430.0,2016,Unprovoked,USA,Florida,"St. Petersburg, Pinellas County",Swimming,U,22,Lacerations and puncture wounds to foot and ankle,N,18h00,"Bull shark, 4' to 5'",5,21.0,18.0,
431.0,431.0,2016,Unprovoked,USA,Florida,"Hugenot Beach , Jacksonville, Duval County",Swimming,U,11,"Back, arm & hand injured",N,17h46,Unknown,5,21.0,17.0,
432.0,432.0,2016,Unprovoked,USA,Florida,"Ponte Vedra, St. Johns County",Swimming,U,48,Ankle bitten,N,09h00,"Blacktip shark, 4'",5,18.0,9.0,
433.0,433.0,2016,Provoked,USA,Florida,"Boca Raton, Palm Beach County",Teasing a shark,U,23,Arm grabbed PROVOKED INCIDENT,N,13h20,"Nurse shark, 2'",5,15.0,13.0,
434.0,434.0,2016,Unprovoked,USA,Hawaii,"Wailea Beach, Maui",Floating,U,59,Minor lacerations to right shoulder,N,15h49,Unknown,5,3.0,15.0,
435.0,435.0,2016,Provoked,NEW ZEALAND,North Island,Cormandel,Fishing,U,39,Foot bitten by landed shark PROVOKED INCIDENT,N,13h30,"Mako shark, 1.5 m [5']",5,2.0,13.0,
436.0,436.0,2016,Unprovoked,INDONESIA,Bali,Balian,Surfing,U,24,Elbow bitten,N,07h00,"Bull shark, 6'",4,25.0,7.0,
437.0,437.0,2016,Unprovoked,USA,Florida,"New Smyrna Beach, Volusia County",Surfing,U,15,Minor injury to left foot,N,17h30,Unknown,4,23.0,17.0,
439.0,439.0,2016,Unprovoked,AUSTRALIA,New South Wales,"First Sun Beach, Byron Bay",Swimming,U,12,Minor puncture wound to foot,N,12h00,Wobbegong shark,4,19.0,12.0,
441.0,441.0,2016,Provoked,FRENCH POLYNESIA,Tuamotos,Makemo Atoll,Spearfishing,U,26,"Severe lacerations to right forearm, hand and calf from speared shark PROVOKED INCIDENT",N,09h00,"Grey reef shark, 2 m",4,18.0,9.0,
443.0,443.0,2016,Unprovoked,NEW CALEDONIA,Grand Terre,Poe Beach,Walking,U,69,FATAL,Y,10h45,"Tiger shark, 2.5 m",4,9.0,10.0,
447.0,447.0,2016,Unprovoked,USA,Hawaii,"Olowalu, Maui",Snorkeling,U,46,Minor injury to left foot,N,11h00,Unknown,3,31.0,11.0,
448.0,448.0,2016,Unprovoked,AUSTRALIA,New South Wales,Bombo Beach,Surfing,U,22,Severe injury to thigh,N,19h00,Unknown,3,30.0,19.0,
450.0,450.0,2016,Unprovoked,AUSTRALIA,New South Wales,North Cronulla Beach,Surfing,U,41,"No injury, board dented",N,11h00,Unknown,3,28.0,11.0,
453.0,453.0,2016,Unprovoked,USA,Florida,"Vero Beach, St. Lucie County",Body surfing,U,19,Lacerations to right foot and ankle,N,13h30,Unknown,3,11.0,13.0,
455.0,455.0,2016,Unprovoked,USA,Florida,"Ocean Reef Park, Singer Island, Palm Beach County",,U,12,Superficial injury to foot,N,13h30,Unknown,3,4.0,13.0,
458.0,458.0,2016,Unprovoked,NEW CALEDONIA,South Province,"Ricaudy Reef, Noumea",Kite surfing,U,21,Puncture wounds to right thigh,N,19h00,Unknown,2,22.0,19.0,
459.0,459.0,2016,Unprovoked,NEW CALEDONIA,South Province,Yate,Spearfishing,U,31,Forearm bitten,N,16h00,Unknown,2,19.0,16.0,
463.0,463.0,2016,Unprovoked,AUSTRALIA,Queensland,Stradbroke Island,Walking,U,45,Foot nipped,N,13h20,Unknown,2,5.0,13.0,
464.0,464.0,2016,Unprovoked,AUSTRALIA,New South Wales,Hams Beach,Windsurfing,U,40,"No injury, shark bit board",N,16h30,Unknown,2,4.0,16.0,
468.0,468.0,2016,Unprovoked,USA,Hawaii,"Hanalei Bay, Kauai,",Surfing,U,15,No injury,N,11h30,Unknown,1,25.0,11.0,
471.0,471.0,2016,Unprovoked,USA,Hawaii,"Wailea Beach, Maui",Paddle boarding,U,48,No injury,N,09h00,"Tiger shark, 14'",1,23.0,9.0,
473.0,473.0,2016,Unprovoked,AUSTRALIA,Queensland,Heron Island,Wading,U,11,Laceration to right calf,N,13h30,Blacktip shark,1,5.0,13.0,
474.0,474.0,2016,Unprovoked,AUSTRALIA,Queensland,Miall Island,Spearfishing,U,31,Lacerations to arms & leg,N,11h30,3 m shark,1,2.0,11.0,
477.0,477.0,2015,Unprovoked,USA,Hawaii,La'aloa Beach Park,Paddle boarding,U,71,"No injury, shark bit board",N,09h00,9' shark,12,22.0,9.0,
478.0,478.0,2015,Unprovoked,AUSTRALIA,New South Wales,Bondi Beach,Surfing,U,43,"No injury, shark leapt on surfboard",N,07h00,"Bronze whaler shark, 6'",12,21.0,7.0,
483.0,483.0,2015,Unprovoked,SOUTH AFRICA,Eastern Cape Province,Mpande,Swimming / Wading,U,22,Lacerations to both hands and forearms,N,09h00,Unknown,12,8.0,9.0,
484.0,484.0,2015,Unprovoked,ECUADOR,Galapagos Islands,"Punta Vicente Roca, Isabella Island",Snorkeling,U,55,Lacerations to left calf,N,10h15,Galapagos shark,11,20.0,10.0,
488.0,488.0,2015,Unprovoked,AUSTRALIA,New South Wales,East Ballina,Surfing,U,20,Injury to left thigh,N,18h15,"Bull shark, 2.8 to 3.1 m",11,10.0,18.0,
490.0,490.0,2015,Unprovoked,USA,Hawaii,"Kehena Beach, Hawaii",Swimming,U,54,Laceration to right ankle,N,11h00,Unknown,11,3.0,11.0,
491.0,491.0,2015,Unprovoked,USA,Florida,"Cocoa Beach, Brevard County",Wading,U,28,Injury to right ankle/calf & hand,N,14h00,3' to 5' shark,11,1.0,14.0,
492.0,492.0,2015,Unprovoked,MOZAMBIQUE,Inhambane Province,Maxixe,Fishing,U,19,"Arms severely injured, surgically amputated",N,04h00,Unknown,11,1.0,4.0,
494.0,494.0,2015,Unprovoked,USA,Hawaii,"Malaka, Oahu",Body boarding,U,10,"Lacerations & puncture wounds to right thigh, calf & ankle",N,14h50,Unknown,10,28.0,14.0,
495.0,495.0,2015,Unprovoked,SOUTH AFRICA,Western Cape Province,Stil Bay,Surfing,U,42,"Lacerations to right calf, knee & hip",N,15h00,"White shark, 3 to 3.5m",10,25.0,15.0,
496.0,496.0,2015,Unprovoked,USA,Florida,"Playalinda Beach, Brevard County",Surfing,U,21,Lacerations to left hand,N,14h30,5' shark,10,21.0,14.0,
497.0,497.0,2015,Unprovoked,USA,Florida,"Deerfield Beach, Broward County",Surfing,U,21,Left foot bitten,N,13h50,"Spinner shark, 5'",10,19.0,13.0,
500.0,500.0,2015,Unprovoked,USA,Hawaii,"Lanikai Beach, Kailua, Oahu",Swimming,U,44,Severe injuries to lower legs. Foot later surgically amputated.,N,11h30,"Tiger shark, 7'",10,17.0,11.0,
502.0,502.0,2015,Unprovoked,USA,South Carolina,"Shipyard Beach Club, Hilton Head Island, Beaufort County",Boogie boarding,U,9,Laceration to forearm,N,16h20,Unknown,10,9.0,16.0,
503.0,503.0,2015,Unprovoked,USA,Hawaii,"Leftovers, Oahu",Surfing,U,25,"Left leg severed below the knee, defense injuries to left hand",N,10h25,"Tiger shark, 13'",10,9.0,10.0,
505.0,505.0,2015,Unprovoked,AUSTRALIA,Western Australia,Pyramids Beach,Surfing,U,18,Foot injured,N,16h50,Unknown,10,7.0,16.0,
506.0,506.0,2015,Unprovoked,USA,Florida,"Pepper Park Beach, St. Lucie County",Body boarding,U,22,2 lacerations to ankle,N,13h00,Unknown,10,5.0,13.0,
507.0,507.0,2015,Unprovoked,USA,Texas,Galveston,Wading,U,13,Foot & hands bitten,N,10h00,4' to 5' shark,10,5.0,10.0,
508.0,508.0,2015,Unprovoked,USA,Florida,"New Smyrna Beach, Volusia County",Surfing,U,14,Severe lacerations to left hand,N,08h30,"Blacktip shark, 4' to 5'",10,4.0,8.0,
509.0,509.0,2015,Unprovoked,USA,Florida,"Vilano Beach, St. Johns County",Surfing,U,22,"Laceration to heel, puncture wounds to dorsum of foot",N,16h20,"Blacktip shark, 5' to 6'",9,29.0,16.0,
510.0,510.0,2015,Unprovoked,AUSTRALIA,Queensland,"Russel Island, Frankland Group",Snorkeling,U,7,Laceration to leg,N,13h30,Unknown,9,26.0,13.0,
512.0,512.0,2015,Unprovoked,USA,Florida,"New Smyrna Beach, Volusia County",Surfing,U,14,Minor injury to left ankle,N,16h45,juvenile shark,9,20.0,16.0,
513.0,513.0,2015,Unprovoked,USA,Hawaii,"Upolu Point, North Kohala, Big Island",Spearfishing,U,27,Severe laceration to left leg,N,15h52,"Tiger shark, 13'",9,20.0,15.0,
514.0,514.0,2015,Unprovoked,USA,Florida,"Fernandina Beach, Amelia Island, Nassau County",Wading,U,12,Significant injuries to leg,N,12h30,4' shark,9,20.0,12.0,
515.0,515.0,2015,Unprovoked,USA,Florida,"Vilano Beach, St. Johns County",Photographing fish,U,16,Injury to right hand / wrist,N,07h30,Unknown,9,20.0,7.0,
518.0,518.0,2015,Unprovoked,USA,Florida,"Jacksonville Beach, Duval County",Surfing,U,20,Injury to right foot,N,15h00,Unknown,9,17.0,15.0,
519.0,519.0,2015,Unprovoked,AUSTRALIA,New South Wales,North Shelly Beach,Surfing,U,42,Minor laceration to hand,N,06h15,6' shark,9,8.0,6.0,
520.0,520.0,2015,Unprovoked,USA,California,"El Pescador Beach, Los Angeles County",Stand-Up Paddleboarding,U,50,"No injury, shark struck board, tossing her into the sea",N,17h30,"White shark, 11' to 12'",9,6.0,17.0,
521.0,521.0,2015,Provoked,USA,California,"Deer Creek Beach, Ventura County",Kayak Fishing,U,29,Laceration to dorsum of foot by hooked shark PROVOKED INCIDENT,N,14h40,Hammerhead shark.,9,5.0,14.0,
522.0,522.0,2015,Unprovoked,AUSTRALIA,New South Wales,Hallidays Point,Surf-skiing,U,62,Inuries to lower left leg & ankle,N,11h30,"White shark, 2.5 m",9,4.0,11.0,
524.0,524.0,2015,Unprovoked,THAILAND,Phuket,Karon Beach,Wading,U,37,Left foot & ankle bitten,N,08h30,small shark,9,1.0,8.0,
526.0,526.0,2015,Unprovoked,USA,California,"Morro Strand State Beach, San Luis Obispo County",Surfing,U,54,"No injury, surfboard bitten",N,10h25,"White shark, 11' to 12'",8,29.0,10.0,
527.0,527.0,2015,Unprovoked,USA,California,"Morro Bay, San Luis Obispo County",Surfing,U,21,"No injury, shark struk sufer's leg and his board",N,10h00,"White shark, 10' to 12'",8,29.0,10.0,
529.0,529.0,2015,Unprovoked,AUSTRALIA,New South Wales,Lighthouse Beach,Surfing,U,38,Severe laceration to left buttock & thigh,N,17h10,Unknown,8,22.0,17.0,
530.0,530.0,2015,Unprovoked,USA,South Carolina,"Murrells Inlet, Georgetown County",Surfing,U,15,"Injuries to left calf, arm and hand",N,12h30,4' shark,8,20.0,12.0,
531.0,531.0,2015,Unprovoked,USA,Florida,"Jacksonville Beach, Duval County",Walking,U,10,Lacerations to right leg,N,15h30,3' shark,8,19.0,15.0,
532.0,532.0,2015,Boating,USA,California,Santa Barbara County,Kayak Fishing,U,22,"No injury, kayak bitten",N,07h30,"White shark, 13'",8,18.0,7.0,
534.0,534.0,2015,Provoked,USA,California,Cortes Bank,Spearfishing,U,57,Right hand bitten PROVOKED INCIDENT,N,08h00,Hammerhead shark. 6' to 7',8,10.0,8.0,
535.0,535.0,2015,Unprovoked,AUSTRALIA,New South Wales,Evans Head,Surfing,U,52,"Lacerations and puncture wounds to hip, thigh, arm and hand",N,06h00,White shark,7,31.0,6.0,
538.0,538.0,2015,Unprovoked,USA,Florida,"Daytona Beach, Volusia County",Surfing,U,25,Minor injury to sole of foot,N,19h00,"Blacktip or spinner shark, 4'",7,26.0,19.0,
540.0,540.0,2015,Unprovoked,AUSTRALIA,Tasmania,"Lachan Island, Mercury Passage",Scallop diving on hookah,U,46,FATAL,Y,10h00,"White shark, 3.9 to 4.2 m",7,25.0,10.0,
545.0,545.0,2015,Unprovoked,USA,California,"Huntington Beach, Orange County",Surfing,U,38,"No injury, shark bumped & damaged board",N,08h45,"White shark, 7'",7,10.0,8.0,
549.0,549.0,2015,Unprovoked,USA,North Carolina,"Off Surf City, Pender County",,U,32,Lacerations to right hand & forearm,N,19h00,Unknown,7,4.0,19.0,
550.0,550.0,2015,Unprovoked,AUSTRALIA,New South Wales,Lennox Head,Surfing,U,52,"No injury, shark bit surfboard",N,09h00,White shark,7,3.0,9.0,
551.0,551.0,2015,Unprovoked,AUSTRALIA,New South Wales,East Ballina,Body boarding,U,32,Significant injuries to lower legs,N,09h00,White shark,7,2.0,9.0,
552.0,552.0,2015,Unprovoked,USA,North Carolina,"Ocracoke, Lifeguard Beach, National Park Service, Hyde County",Swimming,U,68,"Injuries to torso, hip, lower leg & hands",N,12h10,6' to 7' shark,7,1.0,12.0,
554.0,554.0,2015,Unprovoked,USA,South Carolina,"Isle of Palms County Park, Isle of Palms, Charleston County",Playing in the water,U,12,Shallow lacerations & puncture to lateral left leg,N,18h05,4' to 5' shark,6,30.0,18.0,
555.0,555.0,2015,Unprovoked,USA,North Carolina,"Rodanthe, Dare County",Swimming,U,18,"Injuries to right calf, buttock and both hands",N,16h00,Bull shark,6,27.0,16.0,
556.0,556.0,2015,Unprovoked,SOUTH AFRICA,Western Cape Province,Buffels Bay near Knysna,Body Boarding,U,19,"Right leg severed, multiple lacerations to left leg",N,14h40,White shark,6,27.0,14.0,
558.0,558.0,2015,Unprovoked,SOUTH AFRICA,Western Cape Province,"Lookout Beach, Plettenberg Bay",Surfing,U,23,Multiple lacerations to torso & leg,N,16h00,"White shark, 2m to 3 m",6,26.0,16.0,
559.0,559.0,2015,Unprovoked,USA,South Carolina,"South Beach, Hunting Island State Park, Beaufort County",Standing,U,43,Puncture wounds to foot,N,11h00,4' shark,6,26.0,11.0,
561.0,561.0,2015,Unprovoked,USA,North Carolina,"Avon, Hatteras Island, Outer Banks, Dare County",Body surfing?,U,47,Multiple lacerations to back,N,11h41,Unknown,6,25.0,11.0,
562.0,562.0,2015,Unprovoked,USA,North Carolina,Surf City,Swimming,U,6,Minor injury to foot,N,12h25,Sandtiger shark,6,24.0,12.0,
566.0,566.0,2015,Unprovoked,USA,Florida,Daytona Beach Shores,Swimming,U,10,Minor injury to calf,N,13h00,Unknown,6,17.0,13.0,
567.0,567.0,2015,Unprovoked,USA,North Carolina,"Oak Island, Brunswick County",Wading,U,16,Arm amputated below shoulder,N,17h51,Bull shark,6,14.0,17.0,
568.0,568.0,2015,Unprovoked,USA,North Carolina,"Oak Island, Brunswick County",Wading,U,12,Left arm amputated at elbow & severe injury to leg,N,16h12,Bull shark,6,14.0,16.0,
570.0,570.0,2015,Unprovoked,USA,North Carolina,"Ocean Isle, Brunswick County",Boogie boarding,U,13,Minor lacerations to foot,N,12h45,4' shark,6,11.0,12.0,
571.0,571.0,2015,Unprovoked,USA,Florida,"Lori Wilson Park, Cocoa Beach, Brevard County",Playing,U,11,Lacerations to right calf,N,10h50,"Bull shark, 5'",6,7.0,10.0,
573.0,573.0,2015,Unprovoked,REUNION,Le Port,Folette,Surfing,U,47,Left forearm bitten,N,15h00,"Bull shark, 2.5 m",6,1.0,15.0,
574.0,574.0,2015,Unprovoked,USA,Florida,"Cocoa Beach, Brevard County",Standing,U,14,Left foot bitten,N,15h00,Unknown,5,29.0,15.0,
575.0,575.0,2015,Unprovoked,USA,Florida,"New Smyrna Beach, Volusia County",Wading,U,19,Minor lacerations to dorsum of right foot,N,13h45,Unknown,5,29.0,13.0,
576.0,576.0,2015,Unprovoked,FRENCH POLYNESIA,Rangiroa,Avatoru Pass,Spearfishing,U,19,Lacerations to right forearm,N,08h00,1m to 1.2 m shark,5,25.0,8.0,
578.0,578.0,2015,Unprovoked,USA,Florida,"New Smyrna Beach, Volusia County",Surfing,U,18,2 puncture wounds to dorsum of left foot,N,10h30,5' shark,5,20.0,10.0,
579.0,579.0,2015,Unprovoked,USA,South Carolina,Sullivan's Island,,U,30,Laceration to foot,N,14h15,6' shark,5,15.0,14.0,
583.0,583.0,2015,Unprovoked,SOUTH AFRICA,Eastern Cape Province,Port St. John's,Diving,U,29,"Injuries to leg, left arm & both hands",N,13h00,"White shark, 3.5 m",5,2.0,13.0,
584.0,584.0,2015,Unprovoked,USA,Hawaii,Kanahena Cove,Snorkeling,U,65,FATAL,Y,09h00,Unknown,4,29.0,9.0,
585.0,585.0,2015,Unprovoked,USA,Florida,"Resident's Beach, Marco Island",Wading,U,63,Lacerations to left calf,N,16h30,3- to 4-foot shark,4,26.0,16.0,
586.0,586.0,2015,Unprovoked,AUSTRALIA,South Australia,Fishery Bay,Surfing,U,26,Leg severed at mid-thigh,N,09h45,"White shark, 6 m",4,25.0,9.0,
587.0,587.0,2015,Unprovoked,AUSTRALIA,New South Wales,"Belongil Beach, Byron Bay",Surf skiing,U,71,"No injury, knocked off ski",N,11h00,"White shark, 3 m",6,24.0,11.0,
589.0,589.0,2015,Unprovoked,REUNION,Saint-Gilles-les-Bains,Cap Homard,Surfing,U,13,FATAL,Y,09h00,Bull shark,4,12.0,9.0,
591.0,591.0,2015,Unprovoked,USA,Florida,"3 miles off Jupiter, Palm Beach County",Spearfishing,U,70,Injuries to head & torso,N,13h30,Bull shark,4,3.0,13.0,
596.0,596.0,2015,Unprovoked,USA,Hawaii,Hapuna Beach,Standing / Snorkeling,U,58,Lacerations to left forearm. Lacerations to left hand and thigh,N,11h45,"Tiger shark, 8 to 12 feet",3,18.0,11.0,
597.0,597.0,2015,Unprovoked,FRENCH POLYNESIA,Bora Bora,Anau,Hand feeding sharks,U,9,Hand bitten,N,10h00,Blacktip shark,3,16.0,10.0,
599.0,599.0,2015,Provoked,MEXICO,Sinaloa,Mazlatan,Fishing,U,36,Right hand bitten by hooked shark PROVOKED INCIDENT,N,10h20,Unknown,3,10.0,10.0,
602.0,602.0,2015,Unprovoked,REUNION,d’Étang-Salé,Ravine Mula,Swimming,U,22,FATAL,Y,18h30,"Tiger shark, 3.5 m",2,14.0,18.0,
603.0,603.0,2015,Unprovoked,AUSTRALIA,New South Wales,Shelly Beach,Surfing,U,41,FATAL,Y,10h00,3.5 to 4 m shark,2,9.0,10.0,
604.0,604.0,2015,Unprovoked,AUSTRALIA,New South Wales,"Seven Mile Beach, Byron Bay",Surfing,U,35,Laceration & puncture wounds to right flank & hip,N,06h45,2 m to 3 m shark,2,8.0,6.0,
606.0,606.0,2015,Boating,AUSTRALIA,Queensland,"Nerang River, Surfer's Paradise",Rowing,U,57,"No injury, shark's teeth scratched hull",N,05h00,"Bull shark, 1.3 m",1,30.0,5.0,
607.0,607.0,2015,Provoked,USA,Hawaii,Lahaina,Shark fishing,U,20,Lacerations to calf by hooked shark PROVOKED INCIDENT,N,03h30,4' shark,1,27.0,3.0,
609.0,609.0,2015,Unprovoked,SOUTH AFRICA,Eastern Cape Province,Nahoon Beach,Floating,U,24,Foot bitten,N,13h30,Unknown,1,23.0,13.0,
615.0,615.0,2015,Unprovoked,BAHAMAS,Abaco Islands,"Tahiti Beach, Elbow Cay",Snorkeling,U,34,Severe bite to right flank,N,16h00,White shark or oceanic whitetip shark,1,6.0,16.0,
616.0,616.0,2015,Unprovoked,SOUTH AFRICA,Eastern Cape Province,Chintsa East Beach,Surfing,U,15,"Lacerations to lower left leg, puncture wounds to sole of left foot",N,08h00,"Raggedtooth shark, 1.3 m",1,3.0,8.0,
617.0,617.0,2015,Unprovoked,USA,Florida,"Windsor Beach, Indian River County",,U,12,Leg bitten,N,13h30,"""A small shark""",1,1.0,13.0,
619.0,619.0,2014,Unprovoked,AUSTRALIA,Western Australia,Three Stripes near Cheynes Beach,Spearfishing,U,17,FATAL,Y,09h00,"White shark, 4 to 5 m",12,29.0,9.0,
622.0,622.0,2014,Unprovoked,USA,California,"Montaña de Oro State Park, San Luis Obispo County",Surfing,U,50,Injury to hip/leg,N,11h30,"White shark, 8' to 10'",12,28.0,11.0,
623.0,623.0,2014,Provoked,AUSTRALIA,Victoria,Paradise Beach,Fishing,U,45,Laceration to calf when he fell on shark he had caught PROVOKED INCIDENT,N,09h00,1.5 m shark,12,28.0,9.0,
625.0,625.0,2014,Unprovoked,AUSTRALIA,Queensland,Rudder Reef,Spearfishing,U,17,FATAL,Y,11h30,Tiger shark,12,15.0,11.0,
631.0,631.0,2014,Unprovoked,USA,Florida,"Indian Harbor Beach, Brevard County",Surfing,U,44,Laceration to left hand,N,13h00,2' shark,11,16.0,13.0,
632.0,632.0,2014,Unprovoked,USA,Hawaii,"Airplane Beach, Lahina, West Maui",Snorkeling,U,53,Laceration to left upper leg,N,13h30,1.5 m shark,11,13.0,13.0,
634.0,634.0,2014,Unprovoked,USA,Florida,"Fort Pierce Inlet State Park, St. Lucie County",Surfing,U,18,Minor injuries to hand & arm,N,16h30,Unknown,11,8.0,16.0,
635.0,635.0,2014,Unprovoked,USA,Hawaii,"North Kohala, Hawaii County",Surfing,U,34,Lacerations to fingers,N,11h00,"Tiger shark, 12'",10,31.0,11.0,
636.0,636.0,2014,Provoked,AUSTRALIA,New South Wales,Wallabi Point,Surfing,U,20,Laceration to dorsum of left foot when he stepped on the shark PROVOKED INCIDENT,N,18h00,Unknown,10,29.0,18.0,
641.0,641.0,2014,Unprovoked,AUSTRALIA,New South Wales,Avoca Beach,Surfing,U,13,"Lacerations to left calf & ankle, puncture wounds to left foot",N,06h30,1 m shark,10,17.0,6.0,
645.0,645.0,2014,Unprovoked,USA,Florida,"New Smyrna Beach, Volusia County",Surfing,U,29,Foot bitten,N,11h30,Blacktip shark,10,5.0,11.0,
646.0,646.0,2014,Unprovoked,USA,Florida,"Cherie Down Park, Brevard County",Fishing,U,40,Thigh bitten,N,13h30,Unknown,10,7.0,13.0,
647.0,647.0,2014,Unprovoked,USA,Florida,"New Smyrna Beach, Volusia County",Surfing,U,15,Foot bitten,N,11h00,Blacktip shark,10,5.0,11.0,
650.0,650.0,2014,Unprovoked,USA,California,"Walls Beach, Vandenberg AFB, Santa Barbara County",Surfing,U,28,Lacerations to knee,N,17h30,8' to 10' shark,10,2.0,17.0,
651.0,651.0,2014,Unprovoked,AUSTRALIA,Western Australia,"Kelpids Beach, Wylie Bay, Esperance",Surfing,U,23,"Left arm & right hand severed, lacerations to both legs",N,11h00,"2 white shark: 13' & 9""8""",10,2.0,11.0,
655.0,655.0,2014,Unprovoked,AUSTRALIA,New South Wales,"Clarkes Beach, Byron Bay",Swimming,U,50,FATAL,Y,10h45,7' shark,9,9.0,10.0,
656.0,656.0,2014,Unprovoked,USA,Alabama,"Katrina Cut, Dauphin Island, Mobile County",Fishing,U,43,Leg bitten,N,13h00,Bull shark,9,6.0,13.0,
657.0,657.0,2014,Boating,USA,Massachusetts,"Manomet Point, Plymouth, Plymouth County",Kayaking,U,25,"No injury, shark bit kayak",N,18h00,"White shark, 12' to 14'",9,3.0,18.0,
658.0,658.0,2014,Provoked,USA,Florida,"Fletcher Beach, Hutchinson Island, Martin County",Fishing,U,52,Bitten twice on the leg by a shark he was attempting to free from his line PROVOKED INCIDENT,N,20h00,3' to 4' shark,9,2.0,20.0,
660.0,660.0,2014,Unprovoked,USA,Florida,"New Smyrna Beach, Volusia County",Body surfing,U,13,Injury to left calf,N,16h40,Spinner shark,8,31.0,16.0,
673.0,673.0,2014,Unprovoked,USA,Florida,"Lori Wilson Park, Cocoa Beach, Brevard County",Swimming,U,10,Puncture wounds to right foot & ankle,N,13h30,Unknown,8,9.0,13.0,
674.0,674.0,2014,Unprovoked,USA,Louisiana,"Lake Ponchartain off Southshore Harbor, New Orleans",Swimming,U,7,Minor lacerations to left heel and big toe,N,13h30,"Bull shark, 5'",8,8.0,13.0,
675.0,675.0,2014,Unprovoked,USA,South Carolina,"Folly Beach, Charleston County",Boogie boarding,U,10,Lacerations to right leg & foot,N,14h00,4' tp 5' shark,8,6.0,14.0,
678.0,678.0,2014,Unprovoked,USA,Florida,"Table Beach, Brevard County",Boogie boarding,U,8,Laceration to ankle,N,13h00,Unknown,8,2.0,13.0,
679.0,679.0,2014,Unprovoked,SOUTH AFRICA,Western Cape Province,Muizenberg,Surfing,U,20,Lower limbs & thigh bitten,N,14h00,White shark,8,1.0,14.0,
683.0,683.0,2014,Unprovoked,USA,Florida,"Indialantic, Brevard County",Standing,U,8,Lacerations to right knee,N,13h30,Unknown,7,21.0,13.0,
685.0,685.0,2014,Unprovoked,USA,Hawaii,"Paia Bay, Maui",Swimming,U,61,Lacerations to left foot,N,17h50,6' to 8' shark,7,16.0,17.0,
686.0,686.0,2014,Unprovoked,USA,Florida,Okaloosa Island,Swimming,U,39,Puncture wounds to foot,N,14h30,4' shark,7,14.0,14.0,
689.0,689.0,2014,Unprovoked,USA,Florida,"New Smyrna Beach, Volusia County",Surfing,U,14,Lacerations to foot,N,14h00,Unknown,7,9.0,14.0,
696.0,696.0,2014,Unprovoked,AUSTRALIA,South Australia,"Middleton Point, Fleurieu Peninsula",Body boarding,U,15,Lacerations to knee,N,17h00,Unknown,6,18.0,17.0,
699.0,699.0,2014,Unprovoked,USA,Delaware,"Cape Henlopen State Park, Sussex County",Standing,U,16,"Abrasion to right hand, lacerations to left forearm",N,17h00,"Sandbar shark, 3' to 4'",6,9.0,17.0,
700.0,700.0,2014,Unprovoked,AUSTRALIA,South Australia,"Parsons Beach, Fleurieu Peninsula",Body boarding,U,39,Minor injury to torso,N,09h45,"Bronze whaler shark, 1.5m",6,9.0,9.0,
701.0,701.0,2014,Unprovoked,JAPAN,Atsumi peninsula,Aichi,Surfing,U,43,Left arm bitten,N,13h30,Unknown,6,8.0,13.0,
702.0,702.0,2014,Unprovoked,USA,Texas,"West Beach, Galveston",Kneeling in the water,U,14,Shallow lacerations & puncture wounds below shoulder,N,13h30,Unknown,6,7.0,13.0,
703.0,703.0,2014,Unprovoked,USA,Florida,Fort Lauderdale,Swimming,U,22,Laceration to right lower leg,N,13h30,Bull shark,6,1.0,13.0,
709.0,709.0,2014,Unprovoked,USA,Florida,"Juan Ponce de León Landing, Melbourne Beach, Brevard County",Body boarding,U,38,Calf bitten,N,11h30,Unknown,5,15.0,11.0,
710.0,710.0,2014,Unprovoked,AUSTRALIA,South Australia,"Elliston, Eyre Peninsula",Surfing,U,35,"No injury, but surfboard severely damaged",N,09h30,"white shark, 15'",5,14.0,9.0,
711.0,711.0,2014,Unprovoked,USA,Florida,"Jacksonville Beach, Duval County",Wading,U,44,Lacerations and puncture wounds to right foot,N,11h00,Unknown,5,13.0,11.0,
714.0,714.0,2014,Unprovoked,USA,South Carolina,"Coligny Beach, Hilton Head, Beaufort County",Swimming,U,40,Lacerations to left foot,N,15h00,4' to 5' shark,5,6.0,15.0,
716.0,716.0,2014,Unprovoked,USA,Florida,"New Smyrna Beach, Volusia County",Surfing,U,23,Laceration to right hand and cuts on fingertips,N,15h00,3' shark,5,1.0,15.0,
,,2020,Y,AUSTRALIA,Queensland,North West Island,FLYTING,M,21,Broken Arm,Y,23h30,White shark,1,,23.0,1
,,2020,Y,AUSTRALIA,Queensland,North West Island,FLYTING,M,21,Broken Arm,Y,23h30,White shark,1,,23.0,1
,,2020,Y,AUSTRALIA,Queensland,North West Island,FLYTING,M,21,Broken Arm,Y,23h30,White shark,1,,23.0,1
,,2020,Y,AUSTRALIA,Queensland,North West Island,FLYTING,M,21,Broken Arm,Y,23h30,White shark,1,,23.0,1
,,2020,Y,AUSTRALIA,Queensland,North West Island,FLYTING,M,21,Broken Arm,Y,23h30,White shark,1,,,1
